{"stat.useItem.61":6,"stat.craftItem.61":3,"stat.leaveGame":3,"stat.mineBlock.16":190,"stat.mineBlock.15":12,"stat.mineBlock.18":47,"stat.mineBlock.17":47,"stat.jump":1152,"stat.swimOneCm":16019,"stat.fallOneCm":24587,"achievement.buildWorkBench":3,"achievement.killCow":36,"achievement.exploreAllBiomes":{"value":0,"progress":["Cold Taiga","Sunflower Plains","ForestHills","FrozenRiver","Flower Forest","Ice Plains","Forest","River","Plains","Taiga","Extreme Hills","Ice Mountains"]},"stat.mineBlock.12":1,"stat.craftItem.364":10,"stat.craftItem.5":88,"stat.damageTaken":370,"stat.mineBlock.4":21,"stat.mineBlock.3":2,"stat.mineBlock.1":58,"stat.mineBlock.61":2,"stat.mineBlock.79":8,"stat.flyOneCm":115404,"stat.useItem.50":28,"achievement.buildPickaxe":3,"stat.damageDealt":13390,"achievement.buildBetterPickaxe":2,"stat.killEntity.Cow":50,"stat.killEntity.Pig":11,"stat.useItem.58":3,"stat.useItem.274":132,"stat.walkOneCm":429267,"stat.craftItem.265":12,"stat.craftItem.267":1,"stat.mineBlock.175":5,"stat.mineBlock.58":1,"stat.craftItem.257":1,"achievement.buildSword":3,"achievement.mineWood":24,"stat.mineBlock.50":1,"stat.useItem.38":1,"stat.killEntity.Skeleton":2,"stat.breakItem.270":1,"stat.craftItem.320":5,"stat.useItem.257":92,"stat.breakItem.271":1,"stat.breakItem.274":1,"achievement.openInventory":9,"stat.killEntity.Chicken":17,"stat.craftItem.280":40,"stat.mobKills":96,"achievement.killEnemy":6,"stat.craftItem.272":1,"achievement.buildFurnace":5,"stat.craftItem.274":1,"stat.craftItem.58":2,"stat.useItem.6":3,"stat.mineBlock.38":2,"achievement.acquireIron":6,"stat.useItem.267":150,"stat.drop":11,"stat.playOneMinute":76440,"stat.craftItem.50":64,"stat.killEntity.Sheep":12,"stat.useItem.4":25,"stat.craftItem.270":1,"stat.craftItem.271":1,"stat.killEntity.Zombie":4,"stat.useItem.270":60,"stat.mineBlock.31":107,"stat.diveOneCm":6239,"stat.useItem.272":137,"stat.craftItem.308":1,"stat.useItem.271":60}