{"stat.useItem.61":1,"stat.craftItem.61":1,"stat.breakItem.256":1,"stat.mineBlock.134":17,"stat.mineBlock.13":25,"stat.mineBlock.16":41,"stat.mineBlock.15":6,"stat.mineBlock.18":398,"stat.mineBlock.17":682,"stat.jump":1955,"stat.swimOneCm":23536,"stat.useItem.126":40,"stat.fallOneCm":52092,"achievement.buildWorkBench":1,"achievement.exploreAllBiomes":{"value":0,"progress":["FrozenRiver","Ice Plains","Forest","River","Taiga","TaigaHills","Ice Mountains"]},"stat.craftItem.5":1148,"stat.damageTaken":2505,"stat.mineBlock.4":11,"stat.mineBlock.5":28,"stat.mineBlock.3":1225,"stat.mineBlock.1":387,"stat.mineBlock.6":3,"stat.useItem.53":78,"stat.useItem.54":1,"stat.flyOneCm":1749,"stat.useItem.50":12,"achievement.buildPickaxe":5,"stat.damageDealt":2050,"achievement.buildBetterPickaxe":4,"stat.mineBlock.126":13,"stat.killEntity.Cow":4,"stat.killEntity.Pig":5,"stat.useItem.58":4,"stat.useItem.274":264,"stat.useItem.273":401,"stat.useItem.275":869,"stat.walkOneCm":1673560,"stat.mineBlock.175":7,"stat.mineBlock.58":3,"stat.craftItem.134":80,"stat.craftItem.256":1,"stat.craftItem.257":1,"achievement.mineWood":634,"stat.mineBlock.50":8,"stat.craftItem.126":30,"stat.mineBlock.53":2,"stat.useItem.256":254,"stat.useItem.134":95,"stat.useItem.257":178,"stat.breakItem.274":2,"achievement.openInventory":72,"stat.breakItem.273":3,"stat.breakItem.275":6,"stat.craftItem.280":36,"stat.killEntity.Spider":1,"stat.mobKills":14,"stat.craftItem.273":3,"achievement.buildFurnace":1,"stat.craftItem.58":1,"stat.craftItem.274":2,"stat.useItem.6":83,"stat.craftItem.275":9,"stat.deaths":2,"stat.drop":88,"stat.playOneMinute":416066,"stat.craftItem.53":76,"stat.craftItem.50":4,"stat.useItem.4":2,"stat.useItem.5":930,"stat.craftItem.270":1,"stat.craftItem.54":1,"stat.useItem.3":458,"stat.killEntity.Zombie":4,"stat.useItem.17":276,"stat.useItem.270":12,"stat.diveOneCm":9880,"stat.mineBlock.31":42}