{"stats":{"minecraft:custom":{"minecraft:time_since_rest":7446,"minecraft:crouch_one_cm":571,"minecraft:play_one_minute":423512,"minecraft:damage_taken":2505,"minecraft:sprint_one_cm":5952,"minecraft:deaths":2,"minecraft:walk_one_cm":1718484,"minecraft:sneak_time":61,"minecraft:walk_under_water_one_cm":10171,"minecraft:mob_kills":14,"minecraft:drop":88,"minecraft:jump":2017,"minecraft:damage_dealt":2050,"minecraft:leave_game":2,"minecraft:walk_on_water_one_cm":25116,"minecraft:time_since_death":7446,"minecraft:fall_one_cm":53613,"minecraft:fly_one_cm":12053},"minecraft:picked_up":{"minecraft:oak_log":16,"minecraft:dirt":2},"minecraft:mined":{"minecraft:oak_log":16,"minecraft:dirt":2,"minecraft:oak_leaves":17},"minecraft:crafted":{"minecraft:oak_planks":64},"minecraft:killed":{"minecraft:spider":1,"minecraft:zombie":4,"minecraft:pig":5,"minecraft:cow":4},"minecraft:used":{"minecraft:stone_axe":33,"minecraft:dirt":2,"minecraft:oak_sapling":1}},"DataVersion":2566}