{"stat.useItem.61":2,"achievement.buildHoe":2,"stat.horseOneCm":1982,"stat.craftItem.61":2,"stat.leaveGame":2,"stat.mineBlock.15":36,"stat.mineBlock.18":10,"stat.mineBlock.17":16,"stat.jump":914,"stat.swimOneCm":23166,"stat.fallOneCm":10351,"stat.craftItem.291":1,"achievement.buildWorkBench":4,"achievement.killCow":2,"achievement.exploreAllBiomes":{"value":0,"progress":["ForestHills","FrozenRiver","Flower Forest","Ice Plains","Forest","River","Plains","Taiga","Extreme Hills"]},"stat.mineBlock.12":35,"stat.craftItem.364":8,"stat.craftItem.366":4,"stat.entityKilledBy.Spider":1,"stat.craftItem.5":260,"stat.useItem.338":23,"stat.damageTaken":-2147480391,"stat.mineBlock.5":3,"stat.mineBlock.3":42,"stat.mineBlock.1":199,"stat.flyOneCm":59727,"stat.useItem.50":50,"achievement.buildPickaxe":4,"stat.damageDealt":3245,"achievement.buildBetterPickaxe":4,"stat.killEntity.Cow":4,"stat.killEntity.Pig":2,"stat.useItem.58":3,"stat.mineBlock.78":2,"stat.useItem.274":213,"stat.craftItem.263":16,"stat.useItem.275":68,"stat.craftItem.265":7,"stat.walkOneCm":542416,"stat.craftItem.20":35,"stat.mineBlock.175":14,"stat.craftItem.256":1,"stat.craftItem.257":1,"achievement.buildSword":2,"achievement.mineWood":5,"stat.mineBlock.50":1,"stat.useItem.291":4,"stat.killEntity.Skeleton":2,"stat.useItem.256":73,"stat.useItem.257":27,"stat.breakItem.274":1,"achievement.openInventory":46,"stat.killEntity.Chicken":6,"stat.craftItem.280":60,"stat.killEntity.Spider":1,"stat.mobKills":20,"stat.entityKilledBy.Creeper":1,"achievement.killEnemy":7,"stat.craftItem.272":2,"stat.craftItem.58":3,"stat.craftItem.274":2,"stat.useItem.6":4,"stat.mineBlock.38":2,"stat.deaths":5,"stat.craftItem.275":1,"stat.mineBlock.37":4,"stat.drop":20,"stat.playOneMinute":87765,"stat.craftItem.50":144,"stat.useItem.4":12,"stat.useItem.3":27,"stat.killEntity.Zombie":5,"stat.diveOneCm":9161,"stat.mineBlock.31":160,"stat.useItem.272":158}