{"stats":{"minecraft:custom":{"minecraft:open_chest":2,"minecraft:time_since_rest":13313,"minecraft:interact_with_furnace":1,"minecraft:crouch_one_cm":571,"minecraft:play_one_minute":429379,"minecraft:damage_taken":2525,"minecraft:sprint_one_cm":6203,"minecraft:deaths":2,"minecraft:walk_one_cm":1749880,"minecraft:sneak_time":61,"minecraft:walk_under_water_one_cm":10171,"minecraft:mob_kills":14,"minecraft:drop":88,"minecraft:jump":2025,"minecraft:damage_dealt":2050,"minecraft:leave_game":3,"minecraft:walk_on_water_one_cm":25116,"minecraft:time_since_death":13313,"minecraft:interact_with_crafting_table":2,"minecraft:fall_one_cm":54019,"minecraft:fly_one_cm":12108},"minecraft:picked_up":{"minecraft:oak_log":16,"minecraft:dirt":2},"minecraft:crafted":{"minecraft:oak_planks":64,"minecraft:oak_stairs":44},"minecraft:killed":{"minecraft:spider":1,"minecraft:zombie":4,"minecraft:pig":5,"minecraft:cow":4},"minecraft:used":{"minecraft:stone_axe":33,"minecraft:dirt":2,"minecraft:oak_stairs":44,"minecraft:oak_sapling":1},"minecraft:mined":{"minecraft:oak_log":16,"minecraft:dirt":2,"minecraft:oak_leaves":17}},"DataVersion":2566}