{"stat.useItem.61":2,"stat.craftItem.61":2,"stat.leaveGame":3,"stat.breakItem.258":1,"stat.mineBlock.13":2,"stat.mineBlock.16":22,"stat.mineBlock.18":15,"stat.mineBlock.17":47,"stat.jump":1304,"stat.swimOneCm":4634,"stat.fallOneCm":35898,"achievement.buildWorkBench":4,"stat.craftItem.324":2,"achievement.exploreAllBiomes":{"value":0,"progress":["Cold Taiga","ForestHills","Flower Forest","Plains","TaigaHills","Beach","FrozenRiver","Ice Plains","Forest","River","Taiga","Extreme Hills","Ice Mountains"]},"stat.mineBlock.12":12,"stat.craftItem.364":12,"stat.craftItem.366":4,"stat.craftItem.5":540,"stat.damageTaken":1915,"stat.mineBlock.4":2,"stat.mineBlock.5":32,"stat.mineBlock.3":19,"stat.mineBlock.1":114,"stat.mineBlock.61":1,"stat.useItem.53":4,"stat.useItem.54":3,"stat.flyOneCm":343756,"stat.useItem.50":8,"stat.damageDealt":9465,"stat.killEntity.Cow":29,"stat.killEntity.Pig":16,"stat.useItem.58":4,"stat.useItem.20":9,"stat.useItem.275":53,"stat.walkOneCm":658523,"stat.craftItem.20":9,"stat.mineBlock.175":7,"stat.mineBlock.58":2,"stat.useItem.324":3,"achievement.mineWood":35,"stat.killEntity.Skeleton":2,"stat.craftItem.320":7,"stat.useItem.258":180,"stat.useItem.257":188,"achievement.openInventory":48,"stat.killEntity.Chicken":4,"stat.craftItem.280":20,"stat.killEntity.Spider":2,"stat.mobKills":74,"stat.useItem.97":24,"stat.useItem.383":1,"stat.craftItem.274":2,"stat.craftItem.58":3,"stat.mineBlock.38":3,"stat.craftItem.275":2,"stat.drop":14,"stat.playOneMinute":94584,"stat.craftItem.53":4,"stat.craftItem.50":32,"stat.killEntity.Sheep":21,"stat.useItem.4":34,"stat.useItem.5":361,"stat.craftItem.270":1,"stat.craftItem.54":4,"stat.useItem.3":8,"stat.useItem.17":28,"stat.useItem.270":23,"stat.diveOneCm":4363,"stat.mineBlock.31":47}