{"stat.useItem.61":1,"stat.craftItem.61":1,"stat.breakItem.256":1,"stat.mineBlock.13":2,"stat.mineBlock.16":36,"stat.mineBlock.15":6,"stat.mineBlock.18":105,"stat.mineBlock.17":273,"stat.jump":733,"stat.swimOneCm":17867,"stat.fallOneCm":22893,"achievement.buildWorkBench":1,"achievement.exploreAllBiomes":{"value":0,"progress":["FrozenRiver","Ice Plains","Forest","River","Taiga"]},"stat.craftItem.5":260,"stat.damageTaken":1595,"stat.mineBlock.4":4,"stat.mineBlock.5":6,"stat.mineBlock.3":614,"stat.mineBlock.1":316,"stat.useItem.54":1,"stat.flyOneCm":1587,"stat.useItem.50":8,"achievement.buildPickaxe":5,"stat.damageDealt":1450,"achievement.buildBetterPickaxe":4,"stat.killEntity.Pig":3,"stat.useItem.58":3,"stat.useItem.274":264,"stat.useItem.273":137,"stat.useItem.275":322,"stat.walkOneCm":634998,"stat.mineBlock.175":6,"stat.mineBlock.58":2,"stat.craftItem.256":1,"stat.craftItem.257":1,"achievement.mineWood":264,"stat.mineBlock.50":4,"stat.useItem.256":254,"stat.useItem.257":91,"stat.breakItem.274":2,"achievement.openInventory":25,"stat.breakItem.273":1,"stat.breakItem.275":2,"stat.craftItem.280":20,"stat.killEntity.Spider":1,"stat.mobKills":8,"stat.craftItem.273":1,"achievement.buildFurnace":1,"stat.craftItem.58":1,"stat.craftItem.274":2,"stat.craftItem.275":3,"stat.deaths":2,"stat.drop":50,"stat.playOneMinute":194399,"stat.craftItem.50":4,"stat.useItem.4":2,"stat.useItem.5":206,"stat.craftItem.270":1,"stat.craftItem.54":1,"stat.useItem.3":80,"stat.killEntity.Zombie":4,"stat.useItem.17":89,"stat.useItem.270":12,"stat.diveOneCm":5706,"stat.mineBlock.31":40}